id,vendor_id,vendor_name,invoice_number,amount,amount_paid,due_date,status,created_at,updated_at
0a4ad032-4495-4048-a43f-64cb9c19cdf6,31ad5291-5c1b-5472-b0d2-067b555260c0,"US Bank","US BANK - 5477 Closed Date 01/09/20",752.71,0.00,2020-01-31,overdue,,2026-05-07 01:00:00.207702
0bc01647-0a9c-44e6-b2a8-85d7f079b32d,31ad5291-5c1b-5472-b0d2-067b555260c0,"US Bank","US BANK -  8125 01/06/20",1975.14,1975.14,2020-01-31,paid,,
6800ca7e-2842-4cf9-8950-a83f83a9642e,31ad5291-5c1b-5472-b0d2-067b555260c0,"US Bank","US BANK - 3037 - 01/24/2020  Actual $13,857.22",13857.22,0.00,2020-01-31,overdue,,2026-05-07 01:00:00.207702
68dfb8c0-3818-4165-8c72-9c3437209bc5,31ad5291-5c1b-5472-b0d2-067b555260c0,"US Bank","US BANK - 1622 - 01/06/20",2525.58,2525.58,2020-01-31,paid,,
7f279105-0ce1-40fb-b802-e6c1880cac49,7ad5c9a3-6a37-55b2-a812-12d16abc4839,"DMP Vault Pymts East & West American Eagle","DMP VAULT PYMTS EAST & WEST AMERICAN EAGLE",13217.00,0.00,2020-01-31,overdue,,2026-05-07 01:00:00.207702
93ef1e8b-e685-4914-a8d0-c8ced4caa494,8980e7a3-25fe-5346-8d06-7f93531b3ddc,"American Express Closing Date","American Express Closing Date 01/24/20",3841.35,0.00,2020-01-31,overdue,,2026-05-07 01:00:00.207702
a3c0406b-144f-400a-be57-d947fc787f8c,31ad5291-5c1b-5472-b0d2-067b555260c0,"US Bank","US BANK - 3037 -  01/16/20",5814.25,5814.25,2020-01-31,paid,,
af0195cc-30cb-4e89-85df-8654fca3f755,7ad5c9a3-6a37-55b2-a812-12d16abc4839,"DMP Vault Pymts East & West American Eagle","DMP VAULT PYMTS EAST & WEST AMERICAN EAGLE",4422.00,0.00,2020-01-31,overdue,,2026-05-07 01:00:00.207702
b294dcce-873d-4e68-b00a-7f5946558e13,e96bc647-6c97-573b-a96c-db1ffc54a83e,"American Express","American Express 01/09/20",5534.72,5534.72,2020-01-31,paid,,
e166c747-97ad-4e13-98d1-fc4242a4ba23,31ad5291-5c1b-5472-b0d2-067b555260c0,"US Bank","US BANK - 3037 - 01/24/2020  Actual $13,857.22",12987.00,12987.00,2020-01-31,paid,,
02d78aca-8947-42be-ad81-ad94fe1700ff,7ad5c9a3-6a37-55b2-a812-12d16abc4839,"DMP Vault Pymts East & West American Eagle","DMP VAULT PYMTS EAST & WEST AMERICAN EAGLE",12775.00,0.00,2020-02-29,overdue,,2026-05-07 01:00:00.207702
33b281d6-0459-400f-8b8c-81903a1c69a6,77f8550a-5fa8-5c0b-918e-62e5d379f68b,"US Bank CC","US BANK CC # 5477  02/10/20",153.25,153.25,2020-02-29,paid,,
35db374d-ef61-4eb6-85fe-38ee89a4d0e8,31ad5291-5c1b-5472-b0d2-067b555260c0,"US Bank","US BANK - 1622 - 02/06/20",3821.96,3821.96,2020-02-29,paid,,
695103c2-8231-48b3-a2b9-5b9a20fb2377,77f8550a-5fa8-5c0b-918e-62e5d379f68b,"US Bank CC","US BANK CC # 5477  02/10/20",3480.12,0.00,2020-02-29,overdue,,2026-05-07 01:00:00.207702
711c657b-ed5c-4faf-8b1b-e44b8f903ee4,31ad5291-5c1b-5472-b0d2-067b555260c0,"US Bank","US BANK - 3037 - 02/18/20",11752.59,11752.59,2020-02-29,paid,,
a2ade42e-c4db-4aa3-87fa-7ad216fa05a9,e96bc647-6c97-573b-a96c-db1ffc54a83e,"American Express","American Express 02/10/20",3841.35,3841.35,2020-02-29,paid,,
b4669786-38cd-42a7-861f-5120e36a94bd,31ad5291-5c1b-5472-b0d2-067b555260c0,"US Bank","US BANK -  8125 02/06/20",599.46,599.46,2020-02-29,paid,,
c3e735a3-15b7-478e-9838-15fff7f14a51,7ad5c9a3-6a37-55b2-a812-12d16abc4839,"DMP Vault Pymts East & West American Eagle","DMP VAULT PYMTS EAST & WEST AMERICAN EAGLE",3278.00,0.00,2020-02-29,overdue,,2026-05-07 01:00:00.207702
eee4b73c-f490-4f69-8234-99e8dddb3023,e4171360-53bf-510d-a4f6-de2e9c094758,"Amex CC","AMEX CC 45009  02/23/20",3628.41,0.00,2020-02-29,overdue,,2026-05-07 01:00:00.207702
19c803bc-1363-4244-835e-177aa10a11a5,e4171360-53bf-510d-a4f6-de2e9c094758,"Amex CC","AMEX CC 45009  03/25/20",28696.67,0.00,2020-03-31,overdue,,2026-05-07 01:00:00.207702
1c8fc771-75fa-4549-9c97-bbde59da9605,77f8550a-5fa8-5c0b-918e-62e5d379f68b,"US Bank CC","US BANK CC # 5477  03/09/20",335.78,0.00,2020-03-31,overdue,,2026-05-07 01:00:00.207702
20d8907b-0e94-4369-a6d1-93e5a310d2c4,31ad5291-5c1b-5472-b0d2-067b555260c0,"US Bank","US BANK -  8125 03/06/20",3480.12,3480.12,2020-03-31,paid,,
2b8d44bd-599d-44da-ac0d-5aa22c6e0818,31ad5291-5c1b-5472-b0d2-067b555260c0,"US Bank","US BANK - 3037 -  03/16/20",428.82,428.82,2020-03-31,paid,,
2d612782-5d72-4c2f-89e5-209f608ec509,e4171360-53bf-510d-a4f6-de2e9c094758,"Amex CC","AMEX CC 45009  03/25/20",13217.00,13217.00,2020-03-31,paid,,
49deeead-2f50-456c-ba08-fad2ff58b9be,e96bc647-6c97-573b-a96c-db1ffc54a83e,"American Express","American Express 03/09/20",3628.41,3628.41,2020-03-31,paid,,
6a4b0d18-32a1-4d84-ad85-0ea65128a73b,01059055-f8f1-504a-84e3-8013b40e8dba,"Points Redeemed For Statement Credit Tibtsadik","Points Redeemed for Statement Credit TibTsadik",75.00,75.00,2020-03-31,paid,,
7afa639d-5e29-49b8-8b7a-9c9f2f1519f5,31ad5291-5c1b-5472-b0d2-067b555260c0,"US Bank","US BANK - 1622 - 03/06/20",590.12,590.12,2020-03-31,paid,,
81b4065d-39eb-41ea-b06e-0e3b95e5c1b3,01059055-f8f1-504a-84e3-8013b40e8dba,"Points Redeemed For Statement Credit Tibtsadik","Points Redeemed for Statement Credit TibTsadik",16.00,0.00,2020-03-31,overdue,,2026-05-07 01:00:00.207702
98b433d5-97b7-443d-93f3-4abccc191200,e4171360-53bf-510d-a4f6-de2e9c094758,"Amex CC","AMEX CC 45009  03/25/20",4422.00,4422.00,2020-03-31,paid,,
a67acf81-6580-4827-8479-692174adb54b,01059055-f8f1-504a-84e3-8013b40e8dba,"Points Redeemed For Statement Credit Tibtsadik","Points Redeemed for Statement Credit TibTsadik",1400.00,1400.00,2020-03-31,paid,,
01ba9da4-ccca-4f8f-912b-b40caabf1c83,e4171360-53bf-510d-a4f6-de2e9c094758,"Amex CC","AMEX CC 45009  09/14/20",3573.21,3573.21,2020-09-30,paid,,
54ce3b8e-e8ad-45dc-a682-f96b7b088192,e96bc647-6c97-573b-a96c-db1ffc54a83e,"American Express","American Express 09/14/20",3573.21,3573.21,2020-09-30,paid,,
59d2c923-2793-44b8-a9b1-14fa2b8b3d0b,7ad5c9a3-6a37-55b2-a812-12d16abc4839,"DMP Vault Pymts East & West American Eagle","DMP VAULT PYMTS EAST & WEST AMERICAN EAGLE",11949.00,0.00,2020-09-30,overdue,,2026-05-07 01:00:00.207702
74372ad2-2edb-4d7e-b9e9-87dd367f9793,7ad5c9a3-6a37-55b2-a812-12d16abc4839,"DMP Vault Pymts East & West American Eagle","DMP VAULT PYMTS EAST & WEST AMERICAN EAGLE",9945.00,0.00,2020-09-30,overdue,,2026-05-07 01:00:00.207702
855cb08a-50e6-4f4e-9ee7-45e4b3c1af49,e4171360-53bf-510d-a4f6-de2e9c094758,"Amex CC","AMEX CC 45009  09/14/20",500.00,500.00,2020-09-30,paid,,
b691d844-61fd-4060-9a1f-7db3ecc651f7,31ad5291-5c1b-5472-b0d2-067b555260c0,"US Bank","US BANK 5477 09/08/20 Payment",1676.29,0.00,2020-09-30,overdue,,2026-05-07 01:00:00.207702
c1f9032a-b469-475e-b52f-6ea0ea6cedfc,e0da12e0-7778-5f32-9f92-342939a36795,"Speedway","SPEEDWAY 09/20/20",4868.88,4868.88,2020-09-30,paid,,
c3a3e95d-8d70-4f23-bd1e-2c851aaafc4a,6e1c004b-87b1-5114-8607-37ed68b5b4df,"EZ Storage","EZ STORAGE",195.00,0.00,2020-09-30,overdue,,2026-05-07 01:00:00.207702
f06d2765-1704-4a5c-aa6c-44a28eac44f8,31ad5291-5c1b-5472-b0d2-067b555260c0,"US Bank","US BANK 5477 09/08/20 Payment",1712.50,1712.50,2020-09-30,paid,,
0522cc49-df44-498b-98c2-aa301d62ecc6,31ad5291-5c1b-5472-b0d2-067b555260c0,"US Bank","US BANK 1622  Paid 10/05/20",1437.93,1437.93,2020-10-31,paid,,
0c95c873-7798-4fd5-a229-ef2f389f7d22,e96bc647-6c97-573b-a96c-db1ffc54a83e,"American Express","American Express 10/15/20",3573.21,3573.21,2020-10-31,paid,,
4608b1d9-d3e9-4982-b414-cec940ba2302,e4171360-53bf-510d-a4f6-de2e9c094758,"Amex CC","AMEX CC 45009  10/15/20",500.00,500.00,2020-10-31,paid,,
466f7a6e-6704-4a5b-b1e4-861bdcd373b6,31ad5291-5c1b-5472-b0d2-067b555260c0,"US Bank","US BANK 1622  Paid 10/05/20",1014.00,1014.00,2020-10-31,paid,,
4fdd19de-5b36-4ad8-9ce8-abb361b44292,31ad5291-5c1b-5472-b0d2-067b555260c0,"US Bank","US BANK 1622  Paid 10/05/20",710.87,710.87,2020-10-31,paid,,
59c1d842-8710-4c7e-9411-af4af216de5e,e0da12e0-7778-5f32-9f92-342939a36795,"Speedway","SPEEDWAY 10/14/20",4868.88,4868.88,2020-10-31,paid,,
7e15f28c-9cf9-4e16-81ce-b61132c0c7c7,f5ea209c-5b1c-58a4-80d7-ce3f42ab6bb6,"BP OIL","BP OIL",137.88,0.00,2020-10-31,overdue,,2026-05-07 01:00:00.207702
8ec74aeb-a018-46ad-af0f-5181247238bd,f5ea209c-5b1c-58a4-80d7-ce3f42ab6bb6,"BP OIL","BP OIL",125.47,0.00,2020-10-31,overdue,,2026-05-07 01:00:00.207702
8fb4ec7a-202f-4b69-bf03-913d68ce056b,31ad5291-5c1b-5472-b0d2-067b555260c0,"US Bank","US BANK 1622  Paid 10/05/20",3121.88,3121.88,2020-10-31,paid,,
cdb39116-e062-448d-977c-905bd2f09ac1,f5ea209c-5b1c-58a4-80d7-ce3f42ab6bb6,"BP OIL","BP OIL",87.32,0.00,2020-10-31,overdue,,2026-05-07 01:00:00.207702
d48be9fd-d6b6-4d19-ac50-7b88ebb1ab0a,31ad5291-5c1b-5472-b0d2-067b555260c0,"US Bank","US BANK 1622  Paid 10/05/20",350.22,350.22,2020-10-31,paid,,
de3aa38d-eb51-40d0-a8ef-a1154297c06c,e4171360-53bf-510d-a4f6-de2e9c094758,"Amex CC","AMEX CC 45009  10/15/20",3573.21,3573.21,2020-10-31,paid,,
e6e39b08-1ec8-41e4-a91f-e84458d209d3,31ad5291-5c1b-5472-b0d2-067b555260c0,"US Bank","US BANK 1622  Paid 10/05/20",2312.19,2312.19,2020-10-31,paid,,
e7bb85fb-8bb6-4115-b391-8ed53f6150fb,6e1c004b-87b1-5114-8607-37ed68b5b4df,"EZ Storage","EZ STORAGE",195.00,0.00,2020-10-31,overdue,,2026-05-07 01:00:00.207702
0c57e980-d8b3-4d94-bfa0-0f50efdb5f5b,7ad5c9a3-6a37-55b2-a812-12d16abc4839,"DMP Vault Pymts East & West American Eagle","DMP VAULT PYMTS EAST & WEST AMERICAN EAGLE",9945.00,0.00,2020-11-30,overdue,,2026-05-07 01:00:00.207702
244a7bd5-ad29-417a-ad3e-85b4d5df5ef1,31ad5291-5c1b-5472-b0d2-067b555260c0,"US Bank","US BANK 2148  Paid 11/05/20",1014.00,1014.00,2020-11-30,paid,,
2e083414-1cf2-436e-9ac7-4dc52b64dfde,e4171360-53bf-510d-a4f6-de2e9c094758,"Amex CC","AMEX CC 45009  11/09/20",500.00,500.00,2020-11-30,paid,,
37d9b88f-5ea3-4d19-9b49-41bbf50a5bcf,e96bc647-6c97-573b-a96c-db1ffc54a83e,"American Express","American Express 11/12/20",3573.21,3573.21,2020-11-30,paid,,
3c6cfc9a-58f2-4850-a025-6d91989c7b7c,31ad5291-5c1b-5472-b0d2-067b555260c0,"US Bank","US BANK  2148  Paid 11/05/20",1437.93,1437.93,2020-11-30,paid,,
4fbcb71f-710e-4766-aa99-1ec847eb7fa0,31ad5291-5c1b-5472-b0d2-067b555260c0,"US Bank","US BANK 2148  Paid 11/05/20",710.87,710.87,2020-11-30,paid,,
74f759ab-ed5e-4db1-a913-d150d9575c25,e0da12e0-7778-5f32-9f92-342939a36795,"Speedway","SPEEDWAY 11/18/20",4868.88,4868.88,2020-11-30,paid,,
831b6171-b829-400c-89ac-6e911cf8a5de,31ad5291-5c1b-5472-b0d2-067b555260c0,"US Bank","US BANK  2148  Paid 11/05/20",2312.19,2312.19,2020-11-30,paid,,
a8e25157-ece9-486b-9aee-42ac0d5d50d3,31ad5291-5c1b-5472-b0d2-067b555260c0,"US Bank","US BANK 2148  Paid 11/05/20",350.22,350.22,2020-11-30,paid,,
acb51e08-e23d-49d1-a1f3-41c1adab815d,7ad5c9a3-6a37-55b2-a812-12d16abc4839,"DMP Vault Pymts East & West American Eagle","DMP VAULT PYMTS EAST & WEST AMERICAN EAGLE",5909.00,0.00,2020-11-30,overdue,,2026-05-07 01:00:00.207702
d5ddc336-6aca-458a-9d85-28fbbbda90e6,31ad5291-5c1b-5472-b0d2-067b555260c0,"US Bank","US BANK  2148  Paid 11/05/20",3121.88,3121.88,2020-11-30,paid,,
f16f5f37-a5c7-4ec8-87ab-e6a7a3dc1261,e4171360-53bf-510d-a4f6-de2e9c094758,"Amex CC","AMEX CC 45009  11/09/20",3573.21,3573.21,2020-11-30,paid,,
fdc60cbb-d958-4dcd-bc51-3dc495bf485e,77f8550a-5fa8-5c0b-918e-62e5d379f68b,"US Bank CC","US BANK CC # 5477  11/02/20",335.78,0.00,2020-11-30,overdue,,2026-05-07 01:00:00.207702
0a9d9f76-e029-4d38-bf51-a288e8e2bf99,31ad5291-5c1b-5472-b0d2-067b555260c0,"US Bank","US BANK 1622  Paid 12/04/20",2312.19,2312.19,2020-12-31,paid,,
1902cb0e-b2c3-4eb0-9e94-f8f74d12df54,31ad5291-5c1b-5472-b0d2-067b555260c0,"US Bank","US BANK 1622  Paid 12/04/20",710.87,710.87,2020-12-31,paid,,
1e52b592-dd79-4406-9cbc-7c302d13c096,01059055-f8f1-504a-84e3-8013b40e8dba,"Points Redeemed For Statement Credit Tibtsadik","Points Redeemed for Statement Credit TibTsadik",16.00,0.00,2020-12-31,overdue,,2026-05-07 01:00:00.207702
24f7aa62-f339-4e98-9a8d-4b2e3f88c7e6,7ad5c9a3-6a37-55b2-a812-12d16abc4839,"DMP Vault Pymts East & West American Eagle","DMP VAULT PYMTS EAST & WEST AMERICAN EAGLE",11949.00,0.00,2020-12-31,overdue,,2026-05-07 01:00:00.207702
3e201443-8d1c-4db6-89cb-ecebeb01a8a8,31ad5291-5c1b-5472-b0d2-067b555260c0,"US Bank","US BANK 1622  Paid 12/04/20",1437.93,1437.93,2020-12-31,paid,,
55ab67e6-58ab-4857-9c87-28abcff056d0,f5ea209c-5b1c-58a4-80d7-ce3f42ab6bb6,"BP OIL","BP OIL",137.88,0.00,2020-12-31,overdue,,2026-05-07 01:00:00.207702
68b19bfb-4b42-4806-9b9b-43b8c96f8ac0,e0da12e0-7778-5f32-9f92-342939a36795,"Speedway","SPEEDWAY 12/12/20",4868.88,4868.88,2020-12-31,paid,,
6c687baf-7025-47e2-87a8-fbe727099d39,f5ea209c-5b1c-58a4-80d7-ce3f42ab6bb6,"BP OIL","BP OIL",87.32,0.00,2020-12-31,overdue,,2026-05-07 01:00:00.207702
79d39918-1371-48c5-b850-61ce1f282c87,31ad5291-5c1b-5472-b0d2-067b555260c0,"US Bank","US BANK 1622  Paid 12/04/20",3121.88,3121.88,2020-12-31,paid,,
8b49256e-f4fe-4ab4-b3d0-a4e4c39c9405,f5ea209c-5b1c-58a4-80d7-ce3f42ab6bb6,"BP OIL","BP OIL",125.47,0.00,2020-12-31,overdue,,2026-05-07 01:00:00.207702
8da73b61-656c-40db-824a-f2175590d9e0,31ad5291-5c1b-5472-b0d2-067b555260c0,"US Bank","US BANK 1622  Paid 12/04/20",350.22,350.22,2020-12-31,paid,,
94978b50-e55b-470a-8a5c-1666e33cb1d0,e4171360-53bf-510d-a4f6-de2e9c094758,"Amex CC","AMEX CC 45009  12/09/20",3573.21,3573.21,2020-12-31,paid,,
a39f9bce-8f1d-43f8-b3a0-42beaae29c0c,e96bc647-6c97-573b-a96c-db1ffc54a83e,"American Express","American Express 12/14/20",3573.21,3573.21,2020-12-31,paid,,
a590bb4f-ad9e-4c25-bac7-c4196a144091,31ad5291-5c1b-5472-b0d2-067b555260c0,"US Bank","US BANK 1622  Paid 12/04/20",1014.00,1014.00,2020-12-31,paid,,
d3cde0d9-5f29-4ea2-af20-a89d5e6a3de2,01059055-f8f1-504a-84e3-8013b40e8dba,"Points Redeemed For Statement Credit Tibtsadik","Points Redeemed for Statement Credit TibTsadik",75.00,75.00,2020-12-31,paid,,
d8f59b6e-3ccd-4f79-be69-ebd5af40066c,e4171360-53bf-510d-a4f6-de2e9c094758,"Amex CC","AMEX CC 45009  12/09/20",500.00,500.00,2020-12-31,paid,,
e8d4e4e4-a7fb-4219-aa2c-07e734e6da12,01059055-f8f1-504a-84e3-8013b40e8dba,"Points Redeemed For Statement Credit Tibtsadik","Points Redeemed for Statement Credit TibTsadik",1400.00,1400.00,2020-12-31,paid,,
ed01405a-a3d5-4958-b493-9b82ac8d0c00,77f8550a-5fa8-5c0b-918e-62e5d379f68b,"US Bank CC","US BANK CC # 5477  12/10/20",335.78,0.00,2020-12-31,overdue,,2026-05-07 01:00:00.207702
fa7a73ef-3bb7-420e-9600-8c9151d29bb1,7ad5c9a3-6a37-55b2-a812-12d16abc4839,"DMP Vault Pymts East & West American Eagle","DMP VAULT PYMTS EAST & WEST AMERICAN EAGLE",9945.00,0.00,2020-12-31,overdue,,2026-05-07 01:00:00.207702
665bf2cc-e175-4bd5-b4d7-d52c648c9925,f5ea209c-5b1c-58a4-80d7-ce3f42ab6bb6,"BP OIL","BP OIL 04/26/22",125.47,0.00,2022-04-26,overdue,,2026-05-07 01:00:00.207702
a6564e3a-c8f2-4c6d-aa22-3165bcb0f23d,f5ea209c-5b1c-58a4-80d7-ce3f42ab6bb6,"BP OIL","BP OIL 04/28/22",87.32,0.00,2022-04-28,overdue,,2026-05-07 01:00:00.207702
9dd9629c-8c50-41df-a2e1-e43ccad298d9,6e1c004b-87b1-5114-8607-37ed68b5b4df,"EZ Storage","EZ STORAGE 05/02/22",195.00,0.00,2022-05-02,overdue,,2026-05-07 01:00:00.207702
07be6b1e-949c-4667-8daa-c41c5aee2165,e0da12e0-7778-5f32-9f92-342939a36795,"Speedway","SPEEDWAY 05/07/22",62.86,0.00,2022-05-07,overdue,,2026-05-07 01:00:00.207702
422d405e-54fb-4600-a8fd-877feebea1e6,f5ea209c-5b1c-58a4-80d7-ce3f42ab6bb6,"BP OIL","BP OIL 05/23/22",137.88,0.00,2022-05-23,overdue,,2026-05-07 01:00:00.207702
